District,Zone,Latitude,Longitude
Nicobar,Green,9.1573,92.7611
North and Middle Andaman,Green,12.9850,93.4618
South Andaman,Red,11.4102,93.0392
Anantapur,Orange,14.6819,77.6006
Chittoor,Red,13.2000,79.1167
East Godavari,Orange,17.1606,82.0555
Guntur,Red,16.3300,80.4500
Krishna,Red,16.6100,80.1001
Kurnool,Red,15.8300,78.0300
Prakasam,Orange,15.6360,79.6078
S.P.S. Nellore,Red,14.4022,79.9557
Srikakulam,Orange,18.2970,83.8968
Visakhapatnam,Orange,17.6868,83.2185
Vizianagaram,Orange,18.1204,83.5000
West Godavari,Orange,16.9174,81.3399
Y.S.R. Kadapa,Orange,14.4647,78.7801
Anjaw,Green,27.9941,96.8382
Changlang,Green,27.1200,95.7100
East Kameng,Green,27.4407,92.9262
East Siang,Green,28.0667,95.3333
Kamle,Green,28.2180,31.4798
Kra Daadi,Green,27.9892,98.7882
Kurung Kumey,Green,27.7995,93.5538
Lepa Rada,Green,28.1298,94.1377
Lohit,Green,27.9133,96.2312
Longding,Green,26.8840,95.3514
Lower Dibang Valley,Green,28.2550,95.8494
Lower Siang,Green,28.5137,94.3598
Lower Subansiri,Green,27.6764,93.9435
Namsai,Green,27.6689,95.8714
Pakke Kessang,Green,27.2046,93.1125
Papum Pare,Green,27.1710,93.7020
Shi Yomi,Green,28.1277,94.6979
East Siang,Green,28.0667,95.3333
Tawang,Green,27.5883,91.8653
Tirap,Green,26.9782,95.4695
Upper Dibang Valley,Green,28.8129,96.1520
Upper Siang,Green,28.8797,94.7970
Upper Subansiri,Green,28.0823,93.8922
West Kameng,Green,27.3819,92.4609
West Siang,Green,27.6898,94.4629
Baksa,Green,26.6930,91.5980
Barpeta,Green,26.3200,91.0000
Biswanath Chariali,Green,26.7278,93.1517
Bongaigaon,Red,26.4800,90.5600
Cachar,Orange,25.4561,93.0015
Charaideo,Green,27.0250,94.9917
Tsirang,Green,27.0322,90.1870
Darrang,Green,26.5659,92.0469
Dhemaji,Green,27.4800,94.5800
Dhubri,Orange,26.0200,90.0000
Dibrugarh,Green,27.4800,95.0000
Dima Hasao,Green,25.3400,93.0100
Goalpara,Orange,26.1700,90.6200
Golaghat,Green,26.5200,93.9700
Hailakandi,Green,24.6800,92.5700
Hojai,Green,26.0000,92.8700
Jorhat,Green,26.7500,94.2200
Kamrup,Green,26.3161,91.5984
Kamrup Metropolitan,Orange,26.0790,91.6370
Karbi Anglong,Green,26.0075,93.3286
Karimganj,Green,24.6005,92.3814
Kokrajhar,Green,26.4000,90.2700
Lakhimpur,Green,27.2064,94.1514
Majuli,Green,26.9500,94.1667
Marigaon,Orange,26.2533,92.3424
Nagaon,Green,26.3504,92.6796
Nalbari,Green,26.4200,91.4300
Sivasagar,Green,27.0031,94.6450
Sonitpur,Green,26.6300,92.8000
South Salmara Mankachar,Green,25.8876,90.0151
Tinsukia,Green,27.5291,95.6458
Odalguri,Green,26.7452,92.0962
West Karbi Anglong,Green,26.0000,93.5000
Araria,Green,26.1108,87.3016
Arwal,Orange,25.1643,84.6688
Aurangabad,Orange,24.7704,84.3800
Banka,Orange,24.8800,86.9200
Begusarai,Orange,25.4167,86.1333
Bhagalpur,Orange,25.2500,87.0000
Bhojpur,Orange,25.4662,84.5222
Buxar,Red,25.4988,84.1435
Darbhanga,Orange,26.0000,86.0000
East Champaran,Orange,26.6098,84.8568
Gaya,Red,24.8000,85.0000
Gopalganj,Orange,26.4514,84.3963
Jamui,Green,24.7647,86.3377
Jehanabad,Orange,25.2167,84.9833
Kaimur Wildlife Sanctuary,Orange,25.0500,83.5000
Katihar,Orange,25.5488,87.6186
Khagaria,Orange,25.4838,86.7014
Kishanganj,Orange,25.6768,86.9457
Lakhisarai,Orange,25.1861,86.1345
Madhepura,Orange,25.8674,86.9424
Madhubani,Orange,26.3500,86.0800
Munger,Red,25.3810,86.4650
Muzaffarpur,Orange,26.1204,85.3799
Nalanda,Orange,25.1367,85.4439
Nawada,Orange,24.8800,85.5300
Patna,Red,25.6250,85.1300
Purnia,Orange,25.7800,87.4700
Rohtas,Red,25.0686,84.0167
Saharsa,Orange,25.8603,86.6208
Samastipur,Orange,25.8625,85.7826
Saran,Orange,25.8560,84.8568
Sheikhpura,Orange,25.0848,85.8896
Sheohar,Orange,26.5200,85.3000
Sitamarhi,Green,26.6322,85.5200
Siwan,Orange,26.1689,84.3963
Supaul,Orange,25.9300,86.2500
Vaishali,Orange,25.6833,85.2167
West Champaran,Green,27.1543,84.3542
Chandigarh,Red,30.7200,76.7800
Balod,Green,20.7300,81.2000
Baloda Bazar,Green,21.6700,82.1700
Balrampur,Green,23.6100,83.6100
Bemetara,Green,21.7000,81.5300
Bastar,Green,19.1071,81.9535
Bijapur,Green,18.8600,80.7210
Bilaspur,Green,22.0904,82.1600
Dakshin Bastar Dantewada,Green,18.8456,81.3839
Dhamtari,Green,20.7100,81.5500
Durg,Green,21.1900,81.2800
Gariaband,Green,20.6307,82.0699
Janjgir Champa,Green,21.9706,82.4753
Jashpur,Green,22.7875,83.8473
Kabirdham,Green,22.0991,81.2519
Kondagaon,Green,19.6000,81.6700
Korba,Orange,22.5472,82.6483
Koriya,Green,23.3875,82.3886
Mahasamund,Green,21.1000,82.1000
Mungeli,Green,22.0700,81.6800
Narayanpur,Green,19.7196,81.2472
Raigarh,Green,21.9000,83.4000
Raipur,Red,21.1400,81.3800
Rajnandgaon,Green,21.1000,81.0300
Sukma,Green,18.4000,81.6667
Surajpur,Green,23.2200,82.8500
Surguja,Green,22.9494,83.1649
Uttar Bastar Kanker,Green,20.2642,81.4980
Central Delhi,Red,28.6643,77.2167
Delhi,Red,28.6700,77.2300
New Delhi,Red,28.6139,77.2089
North Delhi,Red,28.7886,77.1412
North East Delhi,Red,28.7184,77.2580
North West Delhi,Red,28.7186,77.0685
Shahdara,Red,28.6816,77.2710
South Delhi,Red,28.4817,77.1873
South East Delhi,Red,28.5630,77.2611
South West Delhi,Red,28.5929,77.0346
Delhi,Red,28.6700,77.2300
Dadra and Nagar Haveli,Orange,20.1809,73.0169
Daman and Diu,Green,20.4283,72.8397
North Goa,Green,15.5163,73.9830
South Goa,Green,15.1177,74.1240
Ahmedabad,Red,23.0300,72.5800
Amreli,Green,21.6200,71.2300
Anand,Orange,22.5700,72.9300
Aravalli,Orange,23.5200,73.3700
Banaskantha,Orange,24.3455,71.7622
Bharuch,Orange,21.7050,72.9833
Bhavnagar,Orange,21.7600,72.1500
Botad,Orange,22.1700,71.6700
Chhota Udaipur,Orange,22.3200,74.0100
Dahod,Green,22.8667,74.2500
Dang,Green,20.8250,73.7000
Devbhumi Dwarka,Green,22.1232,69.3831
Gandhinagar,Orange,23.2200,72.6800
Gir Somnath,Orange,21.0119,70.7168
Jamnagar,Green,22.4700,70.0700
Junagadh,Green,21.5200,70.4700
Kheda,Orange,22.7500,72.6800
Kutch,Orange,23.7337,69.8597
Mahisagar,Orange,23.1330,73.6167
Mehsana,Orange,23.6000,72.4000
Morbi,Green,22.8200,70.8300
Narmada River,Green,22.6667,81.7500
Navsari,Green,20.9491,72.9136
Panchmahal,Orange,22.8011,73.5594
Patan,Orange,23.8500,72.1210
Porbandar,Green,21.6300,69.6000
Rajkot,Orange,22.3000,70.7833
Sabarkantha,Orange,23.8477,72.9933
Surat,Red,21.1700,72.8300
Surendranagar,Green,22.7300,71.5100
Tapi,Green,21.2789,73.6065
Vadodara,Red,22.3000,73.2003
Valsad,Green,20.6300,72.9300
Bilaspur,Green,31.3400,76.6870
Chamba,Orange,32.5700,76.1300
Hamirpur,Orange,31.6862,76.5213
Kangra,Orange,32.0998,76.2691
Kinnaur,Green,31.6510,78.4752
Kullu,Green,31.5800,77.1000
Lahaul and Spiti,Green,32.6192,77.3784
Mandi,Green,31.7094,76.9317
Shimla,Orange,31.1000,77.1666
Sirmaur,Orange,30.5628,77.4702
Solan,Orange,30.9084,77.0999
Una,Orange,31.4685,76.2708
Ambala,Orange,30.3200,76.8200
Bhiwani,Orange,28.8100,76.1250
Charkhi Dadri,Orange,28.5900,76.2700
Faridabad,Red,28.4333,77.3167
Fatehabad,Orange,29.3100,75.2700
Gurgaon,Orange,28.2500,77.1667
Hisar,Orange,29.1700,75.7250
Jhajjar,Orange,28.6055,76.6538
Jind,Orange,29.3167,76.3167
Kaithal,Orange,29.8043,76.4039
Karnal,Orange,29.6900,76.9800
Kurukshetra,Orange,29.9657,76.8370
Mahendragarh,Orange,28.2734,76.1401
Nuh,Orange,28.1200,77.0200
Palwal,Orange,28.1400,77.3300
Panchkula,Orange,30.7400,76.8000
Panipat,Orange,29.3900,76.9700
Rewari,Green,28.1800,76.6200
Rohtak,Orange,28.8909,76.5796
Sirsa,Orange,29.5300,75.0000
Sonipat,Red,28.9800,77.0200
Yamuna Nagar,Orange,30.1000,77.2800
Bokaro Steel City,Orange,23.6700,86.1500
Chatra,Green,24.2045,84.8770
Deoghar,Orange,24.4800,86.7000
Dhanbad,Orange,23.8000,86.4500
Dumka,Green,24.2685,87.2488
East Singhbhum,Green,22.4867,86.4997
Garhwa,Orange,24.1549,83.7996
Giridih,Orange,24.1913,86.2996
Godda,Green,24.8255,87.2135
Gumla,Green,23.0000,84.5000
Hazaribagh,Orange,23.9925,85.3637
Jamtara,Orange,23.9505,86.8170
Khunti,Green,23.0798,85.2774
Kodarma,Orange,24.4700,85.6000
Latehar,Green,23.7463,84.5091
Lohardaga,Green,23.4409,84.6845
Pakur,Green,24.6337,87.8501
Palamu,Orange,24.1286,84.1857
Ramgarh,Green,23.6524,85.5612
Ranchi,Red,23.3500,85.3300
Sahebganj,Green,25.2500,87.6500
Seraikela Kharsawan,Green,22.7000,85.9200
Simdega,Orange,22.6151,84.4960
West Singhbhum,Green,22.3651,85.4376
Anantnag,Red,33.7300,75.1500
Bandipore,Red,34.4167,74.6500
Baramulla,Red,34.1980,74.3640
Budgam,Red,34.0178,74.7197
Doda,Green,33.1300,75.5700
Ganderbal,Red,34.2300,74.7800
Jammu,Red,32.7300,74.8700
Kathua,Red,32.3700,75.5200
Kishtwar,Green,33.3200,75.7700
Kulgam,Red,33.6500,75.0200
Kupwara,Red,34.3000,74.2700
Mirpur,,33.1491,73.7534
Muzaffarabad,,34.3459,73.4787
Pulwama,Red,33.8800,74.9200
Punch,Green,33.7670,74.0920
Rajauri,Orange,33.3800,74.3000
Ramban,Orange,33.2500,75.2500
Reasi,Orange,33.0800,74.8300
Samba,Red,32.5700,75.1200
Shupiyan,Red,33.7200,74.8300
Srinagar,Red,34.0900,74.7900
Udhampur,Orange,32.9300,75.1300
Bagalkot,Orange,16.1817,75.6958
Bellary,Orange,15.1500,76.9167
Belgaum,Orange,15.8500,74.5000
Bangalore Rural,Red,12.9811,77.5746
Bengaluru Urban,Red,12.9700,77.6536
Bidar,Orange,17.9200,77.5197
Chamarajanagar,Green,12.0000,77.3000
Chikkaballapur,Orange,13.4300,77.7200
Chikkamagaluru,Green,13.3200,75.7700
Chitradurga,Orange,14.0000,76.5000
Dakshina Kannada,Orange,12.8438,75.2479
Davanagere,Orange,14.4644,75.9218
Dharwad,Orange,15.3500,75.0833
Gadag-Betageri,Orange,15.4167,75.6167
Hassan,Orange,13.0000,76.0000
Haveri,Orange,14.7939,75.4039
Gulbarga,Orange,17.3333,76.8333
Kodagu,Green,12.3375,75.8069
Kolar,Orange,13.1333,78.1333
Koppal,Green,15.3500,76.1500
Mandya,Orange,12.5200,76.9000
Mysore,Red,12.3000,76.6500
Raichur,Green,16.2000,77.3700
Ramanagara,Green,12.7200,77.3000
Shimoga,Orange,13.9167,75.5667
Tumkur,Orange,13.3400,77.1000
Udupi,Orange,13.3389,74.7451
Uttara Kannada,Orange,14.6000,74.7000
Vijayapura,Orange,13.2900,77.8000
Yadgir,Green,16.7700,77.1300
Alappuzha,Green,9.4900,76.3300
Ernakulam,Green,9.9800,76.2800
Idukki,Orange,9.8500,76.9700
Kannur,Red,11.8689,75.3555
Kasaragod,Orange,12.5000,75.0000
Kollam,Orange,8.8800,76.6000
Kottayam,Red,9.5800,76.5200
Kozhikode,Orange,11.2500,75.7700
Malappuram,Orange,11.0410,76.0830
Palakkad,Orange,10.7700,76.6500
Pathanamthitta,Orange,9.2647,76.7872
Thiruvananthapuram,Orange,8.4875,76.9525
Thrissur,Green,10.5200,76.2100
Wayanad,Orange,11.6854,76.1320
Kargil,Orange,34.5500,76.1333
Leh,Orange,34.1454,77.5676
Lakshadweep,Green,10.5667,72.6417
Ahmednagar,Orange,19.0800,74.7300
Akola,Red,20.7000,77.0000
Amravati,Orange,20.9258,77.7647
Aurangabad,Red,19.8957,75.3203
Beed,Orange,18.9900,75.7600
Bhandara,Orange,21.1700,79.6500
Buldhana,Orange,20.5328,76.1828
Chandrapur,Orange,19.9500,79.3000
Dhule,Red,20.8997,74.7697
Gadchiroli,Green,20.1000,80.0000
Gondia,Green,21.4549,80.1961
Hingoli,Orange,19.7174,77.1494
Jalgaon,Red,20.9980,75.5667
Jalna,Orange,19.8300,75.8800
Kolhapur,Orange,16.7000,74.2200
Latur,Orange,18.4000,76.5800
Mumbai,Red,18.9750,72.8258
Mumbai Suburban,Red,19.1538,72.8752
Nagpur,Red,21.1700,79.0900
Pune,Orange,18.5203,73.8567
Nandurbar,Orange,21.3700,74.2500
Nashik,Red,20.0000,73.7800
Osmanabad,Green,18.1794,76.0397
Palghar,Red,19.6900,72.7600
Parbhani,Orange,19.2700,76.7800
Pune,Red,18.5203,73.8567
Raigad Fort,Orange,18.2350,73.4478
Ratnagiri,Orange,16.9800,73.3000
Sangli,Orange,16.8670,74.5670
Satara,Red,17.7000,74.0000
Asoli,Orange,15.4800,73.4000
Solapur,Red,17.6704,75.9000
Thane,Red,19.1724,72.9570
Wardha,Green,20.7453,78.6022
Washim,Green,20.1119,77.1313
Yavatmal,Red,20.3899,78.1307
East Garo Hills,Green,25.5672,90.5258
East Jaintia Hills,Green,25.3421,92.3546
East Khasi Hills,Orange,25.3860,91.7495
North Garo Hills,Green,25.8647,90.6974
Ribhoi,Green,25.8030,91.8863
South Garo Hills,Green,25.3008,90.5893
South West Garo Hills,Green,25.4437,89.9656
South West Khasi Hills,Green,25.4805,91.2910
West Garo Hills,Green,25.5823,90.1307
West Jaintia Hills,Green,25.4849,92.2821
West Khasi Hills,Green,25.4805,91.2910
Bishnupur,Green,24.6333,93.7667
Chandel,Green,24.3274,93.9926
Churachandpur,Green,24.3466,93.7002
Imphal East,Green,24.9039,94.0390
Imphal West,Green,24.7828,93.8859
Jiribam,Green,24.8000,93.1200
Kakching,Green,24.4800,93.9800
Kamjong,Green,24.8656,94.5106
Kangpokpi,Green,25.1489,93.9706
Noney,Green,24.8596,93.6240
Pherzawl,Green,24.3244,93.2175
Senapati,Green,25.2727,94.0265
Tamenglong,Green,24.9833,93.4833
Tengnoupal,Green,24.3727,94.2156
Thoubal,Green,24.6300,94.0200
Ukhrul,Green,24.8140,93.9503
Agar Malwa,Orange,26.8040,82.7413
Alirajpur,Orange,22.3403,74.4995
Anuppur,Green,23.1152,81.7005
Ashoknagar,Green,24.5775,77.7319
Balaghat,Green,21.8129,80.1838
Barwani,Red,22.0363,74.9033
Betul,Orange,21.9012,77.8960
Bhind,Green,26.5857,78.7705
Bhopal,Red,23.2500,77.4100
Burhanpur,Orange,21.3004,76.1300
Chhatarpur,Green,24.9157,79.5822
Chhindwara,Orange,22.0700,78.9300
Damoh,Green,23.8400,79.4500
Datia,Green,25.6700,78.4700
Dewas,Red,22.9600,76.0600
Dhar,Red,22.6000,75.3000
Dindori,Orange,22.8457,81.0755
Guna,Orange,24.6500,77.3200
Gwalior,Red,26.2215,78.1780
Harda,Orange,22.3355,77.0996
Hoshangabad,Orange,22.7441,77.7370
Indore,Red,22.7253,75.8655
Jabalpur,Red,23.1667,79.9333
Jhabua,Green,22.7700,74.6000
Katni,Green,23.4800,80.4000
Khandwa,Red,21.8314,76.3400
Khargone,Orange,21.4900,75.3600
Mandla,Green,22.6000,80.3800
Mandsaur,Orange,24.0300,75.0800
Morena,Orange,26.5000,78.0000
Narsinghpur,Green,22.9470,79.1920
Neemuch,Orange,24.4500,74.8700
"Niwari, Madhya Pradesh",Green,25.4300,79.7100
Panna,Green,24.2700,80.1700
Raisen,Orange,23.3300,77.8000
Rajgarh,Green,24.0300,76.8800
Ratlam,Orange,23.3340,75.0370
Rewa,Green,24.5300,81.3000
Sagar,Orange,23.8380,78.7378
Satna,Green,24.1600,80.8300
Sehore,Orange,23.2000,77.0800
Rewa MP,Green,24.5360,81.3030
Shahdol,Orange,23.3022,81.3568
Shajapur,Orange,23.4246,76.2757
Sheopur,Orange,25.6700,76.7000
Shivpuri,Green,25.4300,77.6500
Sidhi,Green,24.3956,81.8825
Singrauli,Green,24.2020,82.6660
Tikamgarh,Orange,24.8069,78.8625
Ujjain,Red,23.1828,75.7772
Umaria,Green,23.3800,81.1000
Vidisha,Orange,23.5300,77.8200
Aizawl,Green,23.7272,92.7178
Champhai,Green,23.4560,93.3290
Hnahthial,Green,22.9826,92.9113
Khawzawl,Green,23.5251,93.1612
Kolasib,Green,24.2311,92.6761
Lawngtlai,Green,22.5336,92.8965
Lunglei,Green,22.8800,92.7300
Mamit,Green,23.9300,92.4800
Saiha,Green,22.4800,92.9700
Saitual,Green,23.6896,92.9557
Serchhip,Green,23.3417,92.8502
Dimapur,Green,25.9090,93.7260
Kiphire,Green,25.8680,94.7850
Kohima,Green,25.6667,94.1167
Longleng,Green,26.4685,94.8092
Mokokchung,Green,26.3167,94.5167
Mon,Green,26.7330,95.0610
Peren,Green,25.5540,93.7406
Phek,Green,25.6667,94.5000
Tuensang,Green,26.2716,94.8314
Wokha,Green,26.1000,94.2700
Zunheboto,Green,25.9700,94.5200
Angul,Red,20.7972,85.0239
Balangir,Orange,20.7000,83.5000
Balasore,Red,21.4900,86.9300
Bargarh,Green,21.3300,83.6200
Bhadrak,Red,21.0600,86.5000
Boudh,Green,20.8330,84.3330
Cuttack,Green,20.2700,85.5200
Deogarh,Orange,21.5380,84.7280
Dhenkanal,Orange,20.6500,85.6000
Gajapati,Green,19.1910,84.2000
Ganjam,Red,19.3800,85.0700
Jagatsinghpur,Orange,20.2700,86.1700
Jajpur,Red,20.8500,86.3300
Jharsuguda,Orange,21.8500,84.0300
Kalahandi,Orange,20.0830,83.2000
Kandhamal,Green,20.1081,84.0417
Kendrapara,Orange,20.5000,86.4200
Kendujhar,Orange,21.6330,85.6000
Khordha,Orange,20.1660,85.6660
Koraput,Orange,19.1910,82.7083
Malkangiri,Green,19.1910,81.9000
Mayurbhanj,Orange,21.8242,86.4242
Nabarangpur,Green,19.2300,82.5500
Nayagarh,Orange,20.1300,85.1000
Nuapada,Green,20.8167,82.5333
Puri,Green,19.8188,85.8313
Rayagada,Green,19.1700,83.4200
Sambalpur,Green,21.4700,83.9700
Subarnapur,Green,20.8500,83.9000
Sundergarh,Orange,22.1200,84.0300
Amritsar,Orange,31.6400,74.8600
Barnala,Orange,30.3833,75.5500
Bathinda,Orange,30.2100,74.9400
Faridkot,Orange,30.6700,74.7600
Fatehgarh Sahib,Orange,30.6472,76.3931
Fazilka,Green,30.4030,74.0250
Firozpur,Orange,30.9166,74.6000
Gurdaspur,Orange,31.9167,75.2500
Hoshiarpur,Orange,31.5300,75.9200
Jalandhar,Red,31.3260,75.5760
Kapurthala,Orange,31.3794,75.3847
Ludhiana,Red,30.9100,75.8500
Mansa,Orange,29.9833,75.3833
Moga,Orange,30.8000,75.1700
Pathankot,Orange,32.2668,75.6434
Patiala,Red,30.3400,76.3800
Rupnagar,Green,30.9664,76.5331
Mohali,Orange,30.7800,76.6900
Sangrur,Orange,30.2506,75.8442
Shahid Bhagat Singh Nagar,Orange,31.1274,76.1093
Sri Muktsar Sahib,Orange,30.4750,74.5150
Tarn Taran Sahib,Orange,31.4491,74.9205
Karaikal,Green,10.9327,79.8319
Mahé,Green,11.7208,75.5337
Puducherry,Orange,11.9350,79.8300
Yanam,Green,16.7333,82.2500
Ajmer,Red,26.4500,74.6400
Alwar,Orange,27.5454,76.6049
Banswara,Red,23.5500,74.4500
Baran,Green,25.1000,76.5200
Barmer,Orange,25.7500,71.3800
Bharatpur,Red,27.2504,77.5000
Bhilwara,Orange,25.3504,74.6350
Bikaner,Orange,28.0304,73.3299
Bundi,Green,25.4320,75.6480
Chittorgarh,Orange,24.8820,74.6230
Churu,Orange,23.4246,76.2757
Dausa,Orange,26.8932,76.3375
Dholpur,Orange,26.7000,77.9000
Dungarpur,Orange,23.8417,73.7147
Sri Ganganagar,Green,29.9200,73.8800
Hanumangarh,Orange,29.6109,74.2951
Jaipur,Red,26.9260,75.8235
Jaisalmer,Orange,26.9200,70.9000
Jalore,Orange,25.3500,72.6200
Jhalawar,Red,24.6000,76.1500
Jhunjhunu,Orange,28.1300,75.4000
Jodhpur,Red,26.2800,73.0200
Karauli,Orange,26.5000,77.0200
Kota,Red,25.1800,75.8300
Nagaur,Red,27.2000,73.7300
Pali,Orange,25.7700,73.3300
Pratapgarh,Green,24.0344,74.7804
Rajsamand,Orange,25.0700,73.8800
Sawai Madhopur,Orange,26.0174,76.3554
Sikar,Orange,27.6200,75.1500
Sirohi,Orange,24.8852,72.8575
Tonk,Orange,26.1505,75.7900
Udaipur,Orange,24.6000,73.7300
East Sikkim,Green,27.3170,88.6000
North ,Green,27.8230,88.5560
South ,Green,27.2850,88.3940
West Bengal,Green,27.5330,88.5122
Adilabad,Orange,19.6700,78.5300
Bhadradri Kothagudem,Green,17.7153,80.5715
Hyderabad,Red,17.3660,78.4760
Jagtial,Orange,18.8000,78.9300
Jangaon,Orange,17.7200,79.1800
Jayashankar Bhupalapally,Orange,18.4293,79.8630
Jogulamba Gadwal,Orange,16.2330,77.8080
Kamareddy,Orange,18.3167,78.3500
Karimnagar,Orange,18.4369,79.1242
Khammam,Orange,17.2500,80.1500
Asifabad,Orange,19.3700,79.2800
Mahabubabad,Green,17.6167,80.0167
Mahbubnagar,Orange,16.7500,78.0000
Mancherial,Orange,18.8679,79.4639
Medak,Orange,18.0460,78.2630
Medchal Malkajgiri,Red,17.4139,78.5850
Mulugu,Green,18.1930,79.9410
Nagarkurnool,Green,16.4833,78.3333
Nalgonda,Orange,17.0500,79.2700
Narayanpet,Orange,16.7300,77.5000
Nirmal,Orange,19.1000,78.3500
Nizamabad,Orange,18.6720,78.0940
Nizampatnam,Green,15.9000,80.6667
Rajanna Sircilla,Orange,18.3880,78.8000
Ranga Reddy,Red,17.3890,77.8367
Sangareddi,Orange,17.6294,78.0917
Siddipet,Green,18.1000,78.8500
Suryapet,Red,17.1414,79.6236
Vikarabad,Red,17.3300,77.9000
Wanaparthy,Green,16.3610,78.0627
Warangal Rural,Green,18.1120,79.0190
Warangal Urban,Red,17.9740,79.9190
Yadadri Bhuvanagiri,Green,18.1120,79.0190
Ariyalur,Orange,11.0760,79.1175
Chengalpattu,Red,12.7000,79.9800
Chennai,Red,13.0900,80.2800
Coimbatore,Orange,11.0183,76.9725
Cuddalore,Orange,11.7500,79.7500
Dharmapuri,Orange,12.1260,78.1540
Dindigul,Orange,10.3500,77.9500
Erode,Green,11.3500,77.7333
Kallakurichi,Orange,11.7389,78.9739
Kanchipuram,Red,12.8200,79.7100
Kanyakumari,Orange,8.0780,77.5410
Karur,Orange,10.9500,78.0800
Krishnagiri,Orange,12.5300,78.2300
Madurai,Red,9.9197,78.1194
Nagapattinam,Orange,10.7700,79.8300
Namakkal,Red,11.2333,78.1667
Nilgiris,Orange,11.4000,76.7000
Perambalur,Orange,11.2300,78.8800
Pudukkottai,Orange,10.3800,78.8200
Ramanathapuram,Orange,9.3800,78.8300
Ranipet,Red,12.9275,79.3302
Salem,Orange,11.6500,78.1600
Sivaganga,Orange,9.8700,78.4800
Tenkasi,Orange,8.9700,77.3000
Thanjavur,Red,10.7825,79.1313
Theni,Orange,10.0090,77.4700
Tiruvallur,Red,13.1500,79.9100
Thiruvarur,Red,10.7730,79.6370
Thoothukudi,Orange,8.8100,78.1400
Tiruchirappalli,Orange,10.8050,78.6856
Tirunelveli,Orange,8.7300,77.7000
Tiruppattur,Orange,12.5000,78.6000
Tiruppur,Red,11.1100,77.3400
Tiruvannamalai,Orange,12.2200,79.0700
Vellore,Red,12.9202,79.1333
Viluppuram,Orange,11.9410,79.4930
Virudhunagar,Red,9.5833,77.9500
Dhalai,Red,23.8253,91.9732
Gomati,Orange,23.4613,91.6072
Khowai,Green,24.0467,91.6232
North Tripura,Orange,24.0921,92.2451
Sipahijala,Green,23.7451,91.7468
South Tripura,Green,23.5000,91.6667
Unokoti,Green,24.1910,92.0460
West Tripura,Green,23.9167,91.5000
Agra,Red,27.1704,78.0150
Aligarh,Red,27.8922,78.0618
Ambedkar Nagar,Green,27.4500,83.1333
Amethi,Orange,26.3474,81.6239
Amroha,Red,28.9000,78.4700
Auraiya,Orange,26.6557,79.5150
Faizabad,Orange,26.6381,82.0590
Azamgarh,Orange,26.6000,83.1900
Bagpat,Orange,28.9400,77.2200
Bahraich,Orange,27.7337,81.4773
Ballia,Green,25.7611,84.1483
Balrampur,Orange,27.4333,82.1833
Banda,Orange,25.5008,80.4998
Barabanki,Green,26.9200,81.2000
Bareilly,Red,28.4167,79.3833
Basti,Orange,27.2500,83.0000
Bhadohi,Orange,25.4200,82.5700
Bijnor,Red,29.4060,78.4809
Budaun,Orange,28.0300,79.0900
Bulandshahr,Red,28.4170,77.8330
Chandauli,Green,25.1266,83.2497
Chitrakoot,Green,25.2195,81.1023
Deoria,Orange,26.4238,83.7627
Etah,Orange,27.5541,78.6008
Etawah,Orange,26.7855,79.0150
Farrukhabad,Green,27.4372,79.4891
Fatehpur,Orange,25.9333,80.8000
Firozabad,Red,27.1500,78.3949
Gautam Buddh Nagar,Red,28.5333,77.3891
Ghaziabad,Orange,28.6604,77.4084
Ghazipur,Orange,25.6035,83.5075
Gonda,Orange,27.1097,81.9183
Gorakhpur,Orange,26.7550,83.3739
Hamirpur,Green,25.7500,80.0000
Hapur,Orange,28.7437,77.7628
Hardoi,Orange,27.3386,80.0975
Hathras,Orange,27.6000,78.0500
Jalaun,Orange,26.0600,79.4200
Jaunpur,Orange,25.7956,82.4883
Jhansi,Orange,25.4486,78.5696
Kannauj,Orange,26.9997,79.6886
Kanpur Dehat,Green,26.4600,79.8555
Kanpur Nagar,Red,26.4402,80.2693
Kasganj,Orange,27.8200,78.6500
Kaushambi,Orange,25.5361,81.4467
Kushinagar,Green,26.7438,83.9162
Lakhimpur Kheri,Green,27.9851,80.7538
Lalitpur,Green,24.6902,78.4160
Lucknow,Red,26.8550,80.9150
Maharajganj,Green,27.1300,83.5700
Mahoba,Green,25.3618,79.7050
Mainpuri,Orange,27.1667,79.0000
Mathura,Red,27.5000,77.6700
Mau,Orange,26.0377,83.4979
Meerut,Red,28.9900,77.7000
Mirzapur,Orange,25.1500,82.6000
Moradabad,Red,28.8300,78.7800
Muzaffarnagar,Red,29.4723,77.7089
Pilibhit,Orange,28.5500,80.1000
Pratapgarh,Orange,25.9330,81.9830
Allahabad,Orange,25.4500,81.8500
Raebareli,Red,26.2338,81.2336
Rampur,Red,28.8000,79.0000
Saharanpur,Red,29.9700,77.5500
Sambhal,Orange,28.5800,78.5500
Sant Kabir Nagar,Red,26.7883,82.9601
Shahjahanpur,Green,27.9126,79.7466
Shamli,Orange,29.4481,77.3103
Shravasti,Orange,27.5083,82.0264
Siddharthnagar,Green,27.2991,83.0928
Sitapur,Orange,27.5046,80.8295
Sonbhadra,Green,24.3866,83.0786
Sultanpur,Orange,26.2425,82.2962
Unnao,Orange,26.5755,80.6138
Varanasi,Red,25.3300,83.0000
Almora,Orange,29.6200,79.6700
Bageshwar,Green,29.8500,79.7700
Chamoli,Green,30.4996,79.6188
Champawat,Green,29.3300,80.1000
Dehradun,Orange,30.1812,78.1220
Haridwar,Green,29.9560,78.1700
Nainital,Orange,29.2300,79.2700
Pauri Garhwal,Orange,29.8459,78.7077
Pithoragarh,Green,29.5800,80.2200
Rudraprayag,Green,30.2800,78.9800
Tehri Garhwal,Green,30.5000,78.6667
Udham Singh Nagar,Orange,29.0481,79.4313
Uttarkashi,Orange,30.7300,78.4500
Alipurduar,Green,26.4890,89.5270
Bankura,Green,23.2500,87.0667
Birbhum,Orange,23.9167,87.5333
Cooch Behar,Green,26.3242,89.4510
Dakshin Dinajpur,Green,25.3870,88.5047
Darjeeling,Orange,26.6265,88.5047
Hooghly,Orange,25.0057,88.5047
Howrah,Red,23.4845,88.5047
Jalpaiguri,Orange,26.6265,88.5047
Jhargram,Green,22.3599,88.5047
Kalimpong,Orange,23.3917,88.5047
Kolkata,Red,23.3712,88.5047
Malda,Orange,25.0057,88.5047
Murshidabad,Orange,25.8708,88.5047
Nadia,Orange,23.4845,88.5568
North 24 Parganas,Red,22.1300,87.1645
Paschim Bardhaman,Orange,23.4845,87.4133
Paschim Medinipur,Orange,23.6426,87.9062
Purba Bardhaman,Orange,22.3599,86.4189
Purba Medinipur,Red,22.3000,88.5378
Purulia,Green,23.3917,87.9626
South 24 Parganas,Orange,22.1815,88.5378
Uttar Dinajpur,Green,25.8708,88.9624
